<?xml version="1.0" encoding="UTF-8"?>

<!DOCTYPE j2ee-ri-specific-information PUBLIC '-//Sun Microsystems Inc.//DTD J2EE Reference Implementation 1.3//EN' 'http://localhost:8000/sun-j2ee-ri_1_3.dtd'>

<j2ee-ri-specific-information>
  <rolemapping />
  <enterprise-beans>
    <module-name>ConverterEJB.jar</module-name>
    <unique-id>0</unique-id>
    <ejb>
      <ejb-name>ConverterEJB</ejb-name>
      <jndi-name>MyConverter</jndi-name>
      <ior-security-config>
        <transport-config>
          <integrity>supported</integrity>
          <confidentiality>supported</confidentiality>
          <establish-trust-in-target>supported</establish-trust-in-target>
          <establish-trust-in-client>supported</establish-trust-in-client>
        </transport-config>
        <as-context>
          <auth-method>username_password</auth-method>
          <realm>default</realm>
          <required>false</required>
        </as-context>
        <sas-context>
          <caller-propagation>supported</caller-propagation>
        </sas-context>
      </ior-security-config>
      <gen-classes />
    </ejb>
  </enterprise-beans>
</j2ee-ri-specific-information>

