<?xml version="1.0" encoding="UTF-8"?>

<!DOCTYPE ejb-jar PUBLIC '-//Sun Microsystems, Inc.//DTD Enterprise JavaBeans 2.0//EN' 'http://java.sun.com/dtd/ejb-jar_2_0.dtd'>

<ejb-jar>
  <display-name>ConverterJAR</display-name>
  <enterprise-beans>
    <session>
      <display-name>ConverterEJB</display-name>
      <ejb-name>ConverterEJB</ejb-name>
      <home>ConverterHome</home>
      <remote>Converter</remote>
      <ejb-class>ConverterBean</ejb-class>
      <session-type>Stateless</session-type>
      <transaction-type>Bean</transaction-type>
      <security-identity>
        <description></description>
        <use-caller-identity></use-caller-identity>
      </security-identity>
    </session>
  </enterprise-beans>
</ejb-jar>

